{"a":{"n":0.14673721340388007,"l":0.10758377425044091,"s":0.06772486772486773,"d":0.040035273368606704,"t":0.14056437389770723,"c":0.0691358024691358,"g":0.03192239858906525,"u":0.018165784832451497,"r":0.1326278659611993,"m":0.03597883597883598,"y":0.020634920634920634,"f":0.010052910052910053,"k":0.019400352733686066,"i":0.039329805996472664,"v":0.01904761904761905,"w":0.010405643738977073,"h":0.004585537918871252,"b":0.03262786596119929,"o":0.0012345679012345679,"p":0.03738977072310406,"x":0.003527336860670194,"z":0.0049382716049382715,"j":0.0014109347442680777,"a":0.002998236331569665,"q":0.0001763668430335097,"e":0.001763668430335097},"b":{"u":0.09040880503144653,"a":0.15723270440251572,"l":0.16430817610062892,"i":0.09512578616352202,"e":0.1619496855345912,"o":0.14072327044025157,"r":0.09040880503144653,"y":0.018081761006289308,"t":0.007075471698113208,"s":0.030660377358490566,"m":0.0047169811320754715,"j":0.006289308176100629,"b":0.02279874213836478,"w":0.0031446540880503146,"z":0.0007861635220125787,"v":0.0015723270440251573,"d":0.0015723270440251573,"p":0.0023584905660377358,"c":0.0007861635220125787},"c":{"t":0.09881812212738017,"l":0.04300722258699934,"o":0.1835193696651346,"a":0.11096520026263952,"u":0.04596191726854892,"k":0.08371634931057124,"e":0.1329612606697308,"h":0.13591595535128037,"c":0.021996060407091268,"r":0.0587655942219304,"i":0.05975049244911359,"y":0.010833880499015102,"s":0.009520682862770847,"m":0.0006565988181221273,"b":0.00032829940906106366,"f":0.00032829940906106366,"g":0.0006565988181221273,"q":0.0013131976362442547,"n":0.0006565988181221273,"p":0.00032829940906106366},"d":{"s":0.061788617886178863,"b":0.0027100271002710027,"o":0.07208672086720867,"r":0.051490514905149054,"i":0.21897018970189702,"n":0.008130081300813009,"e":0.3181571815718157,"a":0.08509485094850948,"d":0.024932249322493227,"l":0.027642276422764227,"g":0.01842818428184282,"y":0.023306233062330622,"c":0.0032520325203252032,"v":0.008130081300813009,"u":0.04715447154471545,"m":0.008130081300813009,"j":0.0032520325203252032,"t":0.0032520325203252032,"w":0.005962059620596206,"f":0.0027100271002710027,"h":0.0027100271002710027,"p":0.0016260162601626016,"k":0.0005420054200542005,"x":0.0005420054200542005},"e":{"y":0.009988901220865706,"l":0.059239733629300774,"r":0.18188124306326303,"v":0.020810210876803552,"m":0.030382907880133186,"a":0.06784128745837958,"n":0.11709211986681466,"s":0.13693118756936737,"o":0.005549389567147614,"d":0.14414539400665927,"t":0.04245283018867924,"x":0.019422863485016647,"e":0.03246392896781354,"p":0.019700332963374027,"c":0.04703107658157603,"h":0.003607103218645949,"f":0.014567147613762486,"i":0.011098779134295227,"b":0.0054106548279689234,"w":0.007491675915649278,"g":0.01179245283018868,"k":0.0024972253052164264,"q":0.0024972253052164264,"z":0.0015260821309655938,"u":0.003745837957824639,"j":0.000832408435072142},"f":{"r":0.08262910798122065,"o":0.12863849765258217,"u":0.09765258215962441,"e":0.13896713615023473,"f":0.09107981220657277,"a":0.11643192488262911,"c":0.0009389671361502347,"i":0.17370892018779344,"t":0.04037558685446009,"y":0.020657276995305163,"l":0.09201877934272301,"b":0.0009389671361502347,"s":0.004694835680751174,"x":0.0009389671361502347,"g":0.0018779342723004694,"k":0.0009389671361502347,"d":0.0009389671361502347,"w":0.0009389671361502347,"n":0.0009389671361502347,"p":0.0018779342723004694,"j":0.0009389671361502347,"h":0.0009389671361502347,"m":0.0009389671361502347},"g":{"s":0.04841040462427745,"y":0.012283236994219654,"e":0.2514450867052023,"o":0.06502890173410404,"h":0.101878612716763,"a":0.08959537572254335,"l":0.0476878612716763,"r":0.11343930635838151,"m":0.005780346820809248,"i":0.10115606936416185,"u":0.0657514450867052,"n":0.039739884393063585,"t":0.0050578034682080926,"g":0.04263005780346821,"p":0.002167630057803468,"d":0.002890173410404624,"b":0.002890173410404624,"x":0.000722543352601156,"f":0.001445086705202312},"h":{"u":0.05380894800483676,"e":0.24546553808948005,"o":0.16686819830713423,"a":0.18984280532043532,"i":0.1608222490931076,"t":0.060459492140266025,"r":0.03204353083434099,"s":0.012091898428053204,"y":0.024788391777509067,"m":0.009673518742442563,"b":0.006045949214026602,"d":0.003022974607013301,"n":0.009068923821039904,"l":0.007255139056831923,"w":0.0048367593712212815,"c":0.0006045949214026602,"k":0.0012091898428053204,"q":0.0006045949214026602,"h":0.009068923821039904,"g":0.0006045949214026602,"f":0.0006045949214026602,"v":0.0006045949214026602,"p":0.0006045949214026602},"i":{"t":0.0792465637196674,"s":0.08382827082979806,"e":0.054132021041914134,"n":0.29051416935347024,"l":0.055150178177498725,"r":0.02867809265229934,"g":0.03410826404208383,"d":0.03139317834719158,"m":0.037502121160699134,"o":0.08518581367724419,"f":0.01764805701679959,"p":0.020532835567622604,"v":0.029187171220091634,"a":0.03292041405056847,"k":0.00576955710164602,"c":0.08026472085525199,"u":0.0030544714067537756,"b":0.011708807059222807,"z":0.012217885627015103,"x":0.003224164262684541,"y":0.00016969285593076533,"h":0.00033938571186153065,"j":0.0008484642796538266,"q":0.0011878499915153572,"i":0.0011878499915153572},"j":{"u":0.28431372549019607,"a":0.20588235294117646,"e":0.22549019607843138,"o":0.22549019607843138,"i":0.0392156862745098,"r":0.004901960784313725,"s":0.004901960784313725,"f":0.004901960784313725,"h":0.004901960784313725},"k":{"n":0.046898638426626324,"i":0.21482602118003025,"e":0.367624810892587,"a":0.06354009077155824,"s":0.10136157337367625,"m":0.0030257186081694403,"y":0.04084720121028744,"o":0.03479576399394856,"u":0.01664145234493192,"f":0.006051437216338881,"l":0.039334341906202726,"t":0.0045385779122541605,"w":0.009077155824508321,"g":0.0030257186081694403,"j":0.0015128593040847202,"r":0.01664145234493192,"h":0.01059001512859304,"p":0.006051437216338881,"b":0.009077155824508321,"d":0.0045385779122541605},"l":{"i":0.16258144585789636,"e":0.21936084393422278,"d":0.025131864722308408,"l":0.12069500465404902,"y":0.08966801116971765,"v":0.008377288240769469,"f":0.008687558175612783,"s":0.03692212224635433,"o":0.10083772882407695,"k":0.006825938566552901,"u":0.028234564070741545,"c":0.0034129692832764505,"a":0.13713931120074466,"p":0.004033509152963078,"m":0.007136208501396215,"r":0.0015513496742165685,"t":0.027303754266211604,"g":0.004343779087806391,"w":0.0021718895439031957,"n":0.0027924294135898233,"b":0.000930809804529941,"z":0.00031026993484331366,"h":0.0012410797393732546,"j":0.00031026993484331366},"m":{"a":0.2,"b":0.04426229508196721,"p":0.11038251366120219,"i":0.1453551912568306,"u":0.03825136612021858,"e":0.2360655737704918,"y":0.01366120218579235,"f":0.003825136612021858,"m":0.04918032786885246,"s":0.024043715846994537,"o":0.11420765027322405,"r":0.001639344262295082,"n":0.00546448087431694,"h":0.002185792349726776,"d":0.001639344262295082,"c":0.00273224043715847,"t":0.00273224043715847,"l":0.002185792349726776,"v":0.000546448087431694,"j":0.001639344262295082},"n":{"o":0.036435469710272166,"g":0.24187884108867427,"e":0.10030728709394206,"a":0.06167690956979807,"t":0.14025460930640912,"i":0.06804214223002635,"c":0.06233538191395961,"d":0.0913081650570676,"y":0.010755048287971905,"n":0.019754170324846356,"l":0.006145741878841089,"s":0.08735733099209833,"k":0.019095697980684813,"u":0.013388937664618086,"f":0.01141352063213345,"b":0.002414398595258999,"v":0.00877963125548727,"p":0.001755926251097454,"j":0.003950834064969272,"m":0.003292361720807726,"q":0.0015364354697102723,"h":0.002414398595258999,"r":0.0026338893766461808,"w":0.001755926251097454,"x":0.000877963125548727,"z":0.0004389815627743635},"o":{"n":0.21412403802625624,"r":0.1405613399728384,"u":0.08420099592575826,"w":0.0425531914893617,"b":0.018560434585785424,"m":0.061792666364870984,"o":0.05432322317790855,"l":0.05568130375735627,"t":0.04979628791308284,"f":0.013128112267994568,"c":0.03123585332729742,"s":0.04459031235853327,"p":0.03847894975101856,"e":0.005658669081032141,"k":0.015391579900407425,"h":0.0033952014486192846,